time,voltage,current
0.000000000000000000e+00,-2.406346870064737686e+00,5.665234719952269238e+00
1.000000000000000021e-03,1.317176211952699418e+02,8.478994881825137497e+00
2.000000000000000042e-03,2.332561031802707987e+02,9.791720234386991351e+00
3.000000000000000062e-03,2.742723848012395820e+02,9.943748010529130710e+00
4.000000000000000083e-03,2.895669504551059958e+02,9.018240120506685997e+00
5.000000000000000104e-03,3.036794741821653929e+02,7.784059108709525887e+00
6.000000000000000125e-03,2.922643579805428544e+02,6.366411916284735462e+00
7.000000000000000146e-03,2.678359846201574896e+02,5.011494342678124880e+00
8.000000000000000167e-03,2.189635795805751570e+02,1.687612958702323640e+00
9.000000000000001055e-03,1.292495668186012097e+02,-1.853204819467781928e+00
1.000000000000000021e-02,1.574534565777551975e+01,-5.499594879492144095e+00
1.099999999999999936e-02,-1.278916218447644866e+02,-8.263452558565465011e+00
1.200000000000000025e-02,-2.108713678048401619e+02,-9.397009493632355159e+00
1.300000000000000114e-02,-2.780167774066389939e+02,-9.368537501911594845e+00
1.400000000000000029e-02,-2.912628478528774281e+02,-8.916830159815896550e+00
1.499999999999999944e-02,-3.015677235574821111e+02,-7.978769421995106192e+00
1.600000000000000033e-02,-2.856251526464514541e+02,-6.619402957018250433e+00
1.700000000000000122e-02,-2.773473631431858166e+02,-5.202225195098856503e+00
1.800000000000000211e-02,-2.116765655972501179e+02,-2.074742694954416322e+00
1.899999999999999953e-02,-1.193560694915776850e+02,1.876030730308368311e+00
2.000000000000000042e-02,-1.204763982855135396e+01,5.557157742129635203e+00
2.100000000000000130e-02,1.282608588401959651e+02,8.107778696224629655e+00
2.199999999999999872e-02,2.201520410597301805e+02,9.967570097395492823e+00
2.299999999999999961e-02,2.696026662969495646e+02,9.758131465791660020e+00
2.400000000000000050e-02,2.929687415693185812e+02,8.927329735132854438e+00
2.500000000000000139e-02,3.092784787911722333e+02,7.701732313208736969e+00
2.600000000000000228e-02,2.881244114873034619e+02,6.718191571661757955e+00
2.699999999999999969e-02,2.797188375013965356e+02,4.485132365766792972e+00
2.800000000000000058e-02,2.096707997138427970e+02,2.053442021292181341e+00
2.900000000000000147e-02,1.338029867169747433e+02,-1.541452385084995269e+00
2.999999999999999889e-02,-7.579091617060254471e+00,-5.647230920363280227e+00
3.099999999999999978e-02,-1.226509024771311971e+02,-8.454381265657850975e+00
3.200000000000000067e-02,-2.257623491179772088e+02,-9.974188994534186392e+00
3.300000000000000155e-02,-2.741608135884258672e+02,-9.907808942716410883e+00
3.400000000000000244e-02,-2.908282244737159203e+02,-8.974448522500374281e+00
3.500000000000000333e-02,-2.837166346126084022e+02,-7.614613841417929407e+00
3.600000000000000422e-02,-2.853075365856544181e+02,-6.402348978143407088e+00
3.699999999999999817e-02,-2.758570091780007374e+02,-4.757860089848439777e+00
3.799999999999999906e-02,-2.069709427740583010e+02,-2.132737087624440253e+00
3.899999999999999994e-02,-1.286858444156279404e+02,1.983880891545071856e+00
4.000000000000000083e-02,-1.184150175665874549e+00,5.485986560952085256e+00
4.100000000000000172e-02,1.259889778178207536e+02,8.564702494656541987e+00
4.200000000000000261e-02,2.250002161415622766e+02,9.914384133511903840e+00
4.300000000000000350e-02,2.698221808634787635e+02,9.655005741444021794e+00
4.399999999999999745e-02,3.032822493698786275e+02,8.867057761156763362e+00
4.499999999999999833e-02,2.820695431939121249e+02,7.470078165852368279e+00
4.599999999999999922e-02,2.953133998670565461e+02,6.551851916062775061e+00
4.700000000000000011e-02,2.695199967868670683e+02,4.507137942332793301e+00
4.800000000000000100e-02,2.259033856624248529e+02,2.185242412867999917e+00
4.900000000000000189e-02,1.329404487746530492e+02,-1.686576392640585009e+00
5.000000000000000278e-02,4.479842090916485553e+00,-5.761386739105820887e+00
5.100000000000000366e-02,-1.226129998643255874e+02,-8.338149432714645926e+00
5.200000000000000455e-02,-2.213142674287104228e+02,-1.006305097242302438e+01
5.299999999999999850e-02,-2.684158579707433319e+02,-9.821310644335417450e+00
5.399999999999999939e-02,-2.880508186789955403e+02,-8.974738317810562194e+00
5.500000000000000028e-02,-2.906893333300089353e+02,-7.696186252431751029e+00
5.600000000000000117e-02,-2.835835195046969375e+02,-6.875470941660275059e+00
5.700000000000000205e-02,-2.816344169256058194e+02,-4.881687916002976024e+00
5.800000000000000294e-02,-2.176468300886566567e+02,-1.856022709935072124e+00
5.900000000000000383e-02,-1.213157148509661596e+02,1.420121615216442423e+00
5.999999999999999778e-02,5.729902201366193992e+00,5.306328708141887063e+00
6.099999999999999867e-02,1.268415752832956827e+02,8.381152766628170880e+00
6.199999999999999956e-02,2.209055715579014532e+02,9.778769108619089323e+00
6.300000000000000044e-02,2.784092211319311332e+02,9.768765052532060622e+00
6.400000000000000133e-02,2.992563478501335794e+02,8.867956052348224816e+00
6.500000000000000222e-02,2.897101108921199852e+02,7.686171801982490948e+00
6.600000000000000311e-02,3.019384048774044231e+02,6.673198693698677353e+00
6.700000000000000400e-02,2.698721711540115393e+02,4.474727326417543338e+00
6.800000000000000488e-02,2.188897296589843222e+02,1.797465231740987601e+00
6.900000000000000577e-02,1.269161573579063145e+02,-1.558333092474048609e+00
7.000000000000000666e-02,-6.501878002452484928e+00,-5.365038193567816194e+00
7.100000000000000755e-02,-1.139103576151223649e+02,-8.180913395297107371e+00
7.200000000000000844e-02,-2.270582978866480346e+02,-9.602027640702401001e+00
7.299999999999999545e-02,-2.662007422660381621e+02,-9.682748593545973392e+00
7.399999999999999634e-02,-3.012072931613571996e+02,-8.935275959386403954e+00
7.499999999999999722e-02,-2.948820642194657466e+02,-7.748568941757850048e+00
7.599999999999999811e-02,-2.857996665972949017e+02,-6.809884061162819080e+00
7.699999999999999900e-02,-2.788358288774663833e+02,-4.825755532020211902e+00
7.799999999999999989e-02,-2.227597421309744163e+02,-1.978800079764354569e+00
7.900000000000000078e-02,-1.247218479599233518e+02,1.707171378623627112e+00
8.000000000000000167e-02,-1.102135877737831215e+01,5.664462434251098522e+00
8.100000000000000255e-02,1.216386021699198778e+02,8.335944967868277544e+00
8.200000000000000344e-02,2.316307195583063958e+02,9.593630717372999328e+00
8.300000000000000433e-02,2.845507435916192662e+02,9.667439361102903916e+00
8.400000000000000522e-02,2.901423172827314829e+02,9.012460180775963892e+00
8.500000000000000611e-02,2.776999966608694308e+02,7.724807131043071706e+00
8.600000000000000699e-02,2.884889596031986798e+02,6.566613146730129635e+00
8.700000000000000788e-02,2.709398901799216333e+02,4.978453182539531063e+00
8.799999999999999489e-02,2.194025680899753752e+02,2.052570032050294646e+00
8.899999999999999578e-02,1.274982253265619363e+02,-1.545911258629012242e+00
8.999999999999999667e-02,1.344157343700098117e+01,-6.047302435168724344e+00
9.099999999999999756e-02,-1.248929555436195784e+02,-8.690022027390380543e+00
9.199999999999999845e-02,-2.284035150233140712e+02,-9.735302885951540475e+00
9.299999999999999933e-02,-2.755506104963865823e+02,-9.681862323198554776e+00
9.400000000000000022e-02,-2.892547637260420856e+02,-8.616671567195508530e+00
9.500000000000000111e-02,-2.829450163907206388e+02,-7.623189763390452178e+00
9.600000000000000200e-02,-2.876225787257678803e+02,-6.498907888620094830e+00
9.700000000000000289e-02,-2.658224018377638913e+02,-4.901412237412774431e+00
9.800000000000000377e-02,-2.320418518149883198e+02,-2.350028442917077687e+00
9.900000000000000466e-02,-1.185600074643618882e+02,2.140342915649223077e+00
1.000000000000000056e-01,-9.135686009354040849e+00,5.366103530480293315e+00
1.010000000000000064e-01,1.309639245173287634e+02,8.321142246583969282e+00
1.020000000000000073e-01,2.255022068880683435e+02,9.563919194742831920e+00
1.030000000000000082e-01,2.721035523410218389e+02,9.518985725250480812e+00
1.040000000000000091e-01,3.049314548470981094e+02,8.841648577783915997e+00
1.049999999999999961e-01,2.974662603694685004e+02,7.831541267893949332e+00
1.059999999999999970e-01,2.863597028646399849e+02,7.008220023479314165e+00
1.069999999999999979e-01,2.738697068992565278e+02,4.873685905815798414e+00
1.079999999999999988e-01,2.183560451709581685e+02,2.586744200082377709e+00
1.089999999999999997e-01,1.256444003190058112e+02,-1.615271875991670658e+00
1.100000000000000006e-01,-1.302018962507166977e+00,-5.509494370537159291e+00
1.110000000000000014e-01,-1.211294042115985974e+02,-8.762469256183189614e+00
1.120000000000000023e-01,-2.387651852503475709e+02,-9.725610402178947567e+00
1.130000000000000032e-01,-2.756430362033099186e+02,-9.922652676587645715e+00
1.140000000000000041e-01,-2.879454291206628795e+02,-8.774879980492624298e+00
1.150000000000000050e-01,-3.003192378851862827e+02,-7.447807520841927875e+00
1.160000000000000059e-01,-2.961625767515331518e+02,-6.632508875093313883e+00
1.170000000000000068e-01,-2.674200402463633282e+02,-4.810750807052309952e+00
1.180000000000000077e-01,-2.181501801684430859e+02,-1.920922219360797545e+00
1.190000000000000085e-01,-1.186537367461909724e+02,1.517093721506584503e+00
1.199999999999999956e-01,-7.568821227012054287e+00,5.524043555847867992e+00
1.209999999999999964e-01,1.337879189484935694e+02,8.909665487540348039e+00
1.219999999999999973e-01,2.126012744712932090e+02,9.638492392562834965e+00
1.229999999999999982e-01,2.740811891090987729e+02,9.759743694367893241e+00
1.239999999999999991e-01,2.953894341613057009e+02,8.761838391404634052e+00
1.250000000000000000e-01,2.935019245356946271e+02,7.833928957343645472e+00
1.260000000000000009e-01,2.983858780929977570e+02,6.931471395967766291e+00
1.270000000000000018e-01,2.781788627244001759e+02,4.731514111005522771e+00
1.280000000000000027e-01,2.147158500895482405e+02,2.029704165240769687e+00
1.290000000000000036e-01,1.315447432247794097e+02,-1.728085517550467243e+00
1.300000000000000044e-01,-8.843749702197606366e-01,-5.456336744240893211e+00
1.310000000000000053e-01,-1.263118357074778544e+02,-8.199014231887961301e+00
1.320000000000000062e-01,-2.293018493342503348e+02,-9.791637466663619449e+00
1.330000000000000071e-01,-2.842195360517700919e+02,-9.624747764979487030e+00
1.340000000000000080e-01,-2.910601879709764717e+02,-8.834133995853317600e+00
1.350000000000000089e-01,-2.981397003255571008e+02,-7.586343146404245452e+00
1.360000000000000098e-01,-3.005560078061799345e+02,-6.440206223628258897e+00
1.370000000000000107e-01,-2.737016893807391966e+02,-4.795520742002283399e+00
1.380000000000000115e-01,-2.078992625728077428e+02,-2.333450606034013219e+00
1.390000000000000124e-01,-1.227419854830211534e+02,1.672974249859580542e+00
1.400000000000000133e-01,-7.436407054027458940e+00,5.351098034164029293e+00
1.410000000000000142e-01,1.216763567299247626e+02,8.442470734864047088e+00
1.420000000000000151e-01,2.259254333666474679e+02,1.003543094852116013e+01
1.430000000000000160e-01,2.724713251450921803e+02,9.678106700208584101e+00
1.440000000000000169e-01,2.878882136050626741e+02,8.653135653195628052e+00
1.449999999999999900e-01,2.939721390660698148e+02,7.569722778067854208e+00
1.459999999999999909e-01,2.896185469057814998e+02,6.926218618446642772e+00
1.469999999999999918e-01,2.663095220079209753e+02,4.585243724267177079e+00
1.479999999999999927e-01,2.242659162701333173e+02,1.687377022727107434e+00
1.489999999999999936e-01,1.180311293726351494e+02,-1.768272812646807912e+00
1.499999999999999944e-01,-1.590681293746316705e+01,-5.694129536566458150e+00
1.509999999999999953e-01,-1.264265020985963446e+02,-8.526384226653403786e+00
1.519999999999999962e-01,-2.257746165025677385e+02,-9.737212704993664758e+00
1.529999999999999971e-01,-2.676540582371670212e+02,-9.639920938363744085e+00
1.539999999999999980e-01,-2.891647027609454312e+02,-8.900822433671070399e+00
1.549999999999999989e-01,-2.951169826249277435e+02,-7.887199643276176175e+00
1.559999999999999998e-01,-3.033722327482014975e+02,-6.672735351530007186e+00
1.570000000000000007e-01,-2.694064180331554894e+02,-4.922842294133251251e+00
1.580000000000000016e-01,-2.200403534191607662e+02,-2.184315900757451523e+00
1.590000000000000024e-01,-1.306043083500374280e+02,1.451784636659635641e+00
1.600000000000000033e-01,3.523757841786737011e+00,5.719940979394427139e+00
1.610000000000000042e-01,1.267228341978241986e+02,8.299457132512307211e+00
1.620000000000000051e-01,2.230043411651083431e+02,9.509465518801931694e+00
1.630000000000000060e-01,2.754684219845947268e+02,9.902445126613342197e+00
1.640000000000000069e-01,2.936624419784307065e+02,8.826538581402264327e+00
1.650000000000000078e-01,2.881633413757680842e+02,7.946518213674277575e+00
1.660000000000000087e-01,2.840273738285990817e+02,6.407153027735472683e+00
1.670000000000000095e-01,2.770602348504779684e+02,4.743354888659520263e+00
1.680000000000000104e-01,2.212661993380326919e+02,2.085329943415224818e+00
1.690000000000000113e-01,1.308238431488405240e+02,-1.410567575602807100e+00
1.700000000000000122e-01,-7.665185134316084614e+00,-5.357947125801326038e+00
1.710000000000000131e-01,-1.232670444140368460e+02,-8.239501595615001506e+00
1.720000000000000140e-01,-2.067948390034416377e+02,-9.962032835320433932e+00
1.730000000000000149e-01,-2.675276510369378116e+02,-9.710733986506228987e+00
1.740000000000000158e-01,-2.978677819320650428e+02,-9.063767295648604616e+00
1.750000000000000167e-01,-2.910124138316110702e+02,-7.778081799589179113e+00
1.759999999999999898e-01,-2.923978736965538587e+02,-6.930644024348966425e+00
1.769999999999999907e-01,-2.657826542295737227e+02,-4.826640674953804222e+00
1.779999999999999916e-01,-2.344874535154469299e+02,-1.854262847129013458e+00
1.789999999999999925e-01,-1.247819973130557827e+02,1.754239739294797262e+00
1.799999999999999933e-01,9.594822867840493430e+00,5.449643769856666431e+00
1.809999999999999942e-01,1.146594737407409212e+02,8.079914591746373276e+00
1.819999999999999951e-01,2.273636665201659071e+02,9.928146179196764010e+00
1.829999999999999960e-01,2.810161487884346343e+02,9.774226814351049342e+00
1.839999999999999969e-01,2.856150183216022356e+02,8.779377531031306248e+00
1.849999999999999978e-01,2.900715781961904440e+02,7.580714300903292013e+00
1.859999999999999987e-01,2.945205804033640220e+02,6.811094523690049307e+00
1.869999999999999996e-01,2.707601335088587007e+02,4.890028024749971891e+00
1.880000000000000004e-01,2.345325999109552981e+02,1.642752069861308728e+00
1.890000000000000013e-01,1.310804355086158637e+02,-1.861623944107188233e+00
1.900000000000000022e-01,-9.083526848166473044e+00,-5.698024713321469648e+00
1.910000000000000031e-01,-1.220787865177409515e+02,-8.558064895144415374e+00
1.920000000000000040e-01,-2.254936816777228898e+02,-9.632832257839103463e+00
1.930000000000000049e-01,-2.743940084591463346e+02,-9.557843648938401770e+00
1.940000000000000058e-01,-2.921951094691547723e+02,-8.980780609389748648e+00
1.950000000000000067e-01,-2.872760920483457312e+02,-7.580793245265377678e+00
1.960000000000000075e-01,-2.914972283517452638e+02,-6.632673766989737096e+00
1.970000000000000084e-01,-2.819398320879148514e+02,-4.520318443705353850e+00
1.980000000000000093e-01,-2.207953171470092002e+02,-1.776466734516608970e+00
1.990000000000000102e-01,-1.216529486654584673e+02,1.661529373008428401e+00
2.000000000000000111e-01,-3.971418086679863180e+00,5.860407187074337720e+00
2.010000000000000120e-01,1.230364641210132106e+02,8.298460674130758719e+00
2.020000000000000129e-01,2.294540413993394168e+02,9.882874012989107726e+00
2.030000000000000138e-01,2.706005289982415434e+02,9.805350954796493212e+00
2.040000000000000147e-01,2.866084354444002997e+02,8.585894747619811085e+00
2.050000000000000155e-01,2.813044483501192872e+02,7.959669459970100114e+00
2.060000000000000164e-01,2.876445763285000794e+02,6.621233478480392343e+00
2.070000000000000173e-01,2.724036867462199325e+02,4.946653372729186593e+00
2.080000000000000182e-01,2.127352515180585044e+02,1.701272339110117882e+00
2.089999999999999913e-01,1.255618217148245606e+02,-1.647947383533247656e+00
2.099999999999999922e-01,1.618812438237021478e+00,-5.376679657360923237e+00
2.109999999999999931e-01,-1.247393318189818245e+02,-8.468413461129671305e+00
2.119999999999999940e-01,-2.162671176025072555e+02,-9.815879633701152684e+00
2.129999999999999949e-01,-2.834507160258066278e+02,-9.828191270120811396e+00
2.139999999999999958e-01,-3.069008129363186868e+02,-8.867267761939798376e+00
2.149999999999999967e-01,-3.038229279413385484e+02,-7.999917806835613376e+00
2.159999999999999976e-01,-2.843923884240854250e+02,-6.472523219248719428e+00
2.169999999999999984e-01,-2.769140655912194688e+02,-4.728470585013357486e+00
2.179999999999999993e-01,-2.232420222578826952e+02,-1.596056746713637065e+00
2.190000000000000002e-01,-1.185875220343623084e+02,1.524645348627732044e+00
2.200000000000000011e-01,1.223082375611070027e+01,5.293189494616118651e+00
2.210000000000000020e-01,1.251142009940404591e+02,8.263856997793839199e+00
2.220000000000000029e-01,2.236011112815559727e+02,9.857994117686471824e+00
2.230000000000000038e-01,2.765816017149059576e+02,9.324074936052157980e+00
2.240000000000000047e-01,2.882736016956451977e+02,9.090743668332375904e+00
2.250000000000000056e-01,2.884163234237698816e+02,7.558757221127874182e+00
2.260000000000000064e-01,2.932571332514963842e+02,6.889411483038898609e+00
2.270000000000000073e-01,2.670859823451405646e+02,4.695359632891829449e+00
2.280000000000000082e-01,2.234561423625882242e+02,1.987576223077514692e+00
2.290000000000000091e-01,1.152352230339231909e+02,-1.522913840389378937e+00
2.300000000000000100e-01,-2.755463418936151765e+00,-5.640759439860584479e+00
2.310000000000000109e-01,-1.269846214783887746e+02,-8.644066107697334189e+00
2.320000000000000118e-01,-2.075883036758393985e+02,-9.636869306699164639e+00
2.330000000000000127e-01,-2.705825616270423097e+02,-9.735951889276050153e+00
2.340000000000000135e-01,-2.740923821446153852e+02,-8.640355261902824324e+00
2.350000000000000144e-01,-2.967774385956932974e+02,-7.978034787106786041e+00
2.360000000000000153e-01,-2.822751347058801343e+02,-6.704250841633319524e+00
2.370000000000000162e-01,-2.732352694668735467e+02,-4.997239719421350479e+00
2.380000000000000171e-01,-2.131617585558429084e+02,-1.666328695481999134e+00
2.390000000000000180e-01,-1.292249449573129141e+02,1.574637730526216917e+00
2.399999999999999911e-01,6.983407732383742683e+00,5.905087237445158621e+00
2.409999999999999920e-01,1.248523926165321569e+02,8.413137770708175367e+00
2.419999999999999929e-01,2.172668535451827836e+02,9.800501441733111108e+00
2.429999999999999938e-01,2.717272329800860007e+02,9.659419046616989135e+00
2.439999999999999947e-01,2.959367119382630449e+02,8.936985411055673012e+00
2.449999999999999956e-01,2.944038133723001351e+02,7.914845150907262372e+00
2.459999999999999964e-01,2.727968151176282845e+02,6.694888478769577489e+00
2.469999999999999973e-01,2.685793200168076851e+02,4.820607726043160568e+00
2.479999999999999982e-01,2.266107180720444489e+02,1.923823163830266747e+00
2.489999999999999991e-01,1.244764652514325007e+02,-1.733344689590476273e+00
2.500000000000000000e-01,-7.630612046453793873e+00,-5.419144022718963782e+00
2.510000000000000009e-01,-1.287616784571715414e+02,-8.157917332889763173e+00
2.520000000000000018e-01,-2.278592778805932824e+02,-1.001003395830530351e+01
2.530000000000000027e-01,-2.687503366390477026e+02,-9.387805209919195093e+00
2.540000000000000036e-01,-2.802530576850091393e+02,-9.086218860889818671e+00
2.550000000000000044e-01,-2.978378897541703054e+02,-7.725432694282336143e+00
2.560000000000000053e-01,-2.906034184321281373e+02,-6.770508296975663143e+00
2.570000000000000062e-01,-2.771074034370175241e+02,-4.782718671211673822e+00
2.580000000000000071e-01,-2.306822039365627006e+02,-2.288740208532104248e+00
2.590000000000000080e-01,-1.363684166551442161e+02,1.806115207675292877e+00
2.600000000000000089e-01,-2.800901252276470910e+00,5.814655012811902779e+00
2.610000000000000098e-01,1.217061395353758400e+02,8.345135498337070246e+00
2.620000000000000107e-01,2.226193849831270200e+02,1.008093277630205620e+01
2.630000000000000115e-01,2.753780926182829489e+02,9.585452921937674731e+00
2.640000000000000124e-01,2.867950721809476704e+02,8.980736154808317551e+00
2.650000000000000133e-01,2.991777261598267614e+02,7.749241596528879228e+00
2.660000000000000142e-01,2.853002566838734424e+02,6.913277739632032848e+00
2.670000000000000151e-01,2.855071172072004515e+02,5.159132130728026233e+00
2.680000000000000160e-01,2.331615041585025381e+02,1.852471383131115923e+00
2.690000000000000169e-01,1.314754130269550956e+02,-1.567106280398796070e+00
2.700000000000000178e-01,9.900280532517944376e-01,-5.525324357253804664e+00
2.710000000000000187e-01,-1.355886912671533651e+02,-8.188448773289287885e+00
2.720000000000000195e-01,-2.132933221830543857e+02,-9.785777368090194273e+00
2.730000000000000204e-01,-2.578034068005513291e+02,-9.469731391134464715e+00
2.740000000000000213e-01,-2.978252816762013140e+02,-9.245687404647956242e+00
2.750000000000000222e-01,-2.933931077614005858e+02,-8.088518759260791668e+00
2.760000000000000231e-01,-2.862760399817669850e+02,-6.691026911767853136e+00
2.770000000000000240e-01,-2.865889055872320341e+02,-4.828408022924476128e+00
2.780000000000000249e-01,-2.036758738225441618e+02,-1.962164036759800778e+00
2.790000000000000258e-01,-1.197232590898708651e+02,1.962903250740562378e+00
2.800000000000000266e-01,5.278285855160753215e+00,5.633152075376617773e+00
2.810000000000000275e-01,1.228303936461724533e+02,8.582045004840821889e+00
2.820000000000000284e-01,2.137745893767300913e+02,9.752670351207445520e+00
2.830000000000000293e-01,2.724045220770382230e+02,9.691188030975515844e+00
2.840000000000000302e-01,2.995032579489946443e+02,9.002038199188479695e+00
2.850000000000000311e-01,2.914836949547365634e+02,7.904426307276190222e+00
2.860000000000000320e-01,2.959013794523056617e+02,6.692433546247329446e+00
2.870000000000000329e-01,2.704568810390532576e+02,5.352746212197883047e+00
2.880000000000000338e-01,2.205748968546724882e+02,2.151764796118353473e+00
2.889999999999999791e-01,1.215315514668354524e+02,-1.434731472969861032e+00
2.899999999999999800e-01,1.071001483496043427e+01,-5.352096610087624384e+00
2.909999999999999809e-01,-1.318672019857478972e+02,-8.614100466581771087e+00
2.919999999999999818e-01,-2.168350785702836845e+02,-9.485874723495944849e+00
2.929999999999999827e-01,-2.680671395156231256e+02,-9.679353625972797914e+00
2.939999999999999836e-01,-2.918356600670214220e+02,-8.609070503027680843e+00
2.949999999999999845e-01,-2.968119018444550647e+02,-7.847331898677950335e+00
2.959999999999999853e-01,-2.968685477156903403e+02,-6.631724801404648595e+00
2.969999999999999862e-01,-2.677740709593416568e+02,-4.788400239738525244e+00
2.979999999999999871e-01,-2.219274957513487152e+02,-2.237924618964096446e+00
2.989999999999999880e-01,-1.247437855181021007e+02,1.379066152065286044e+00
2.999999999999999889e-01,-8.400592424808710490e+00,5.187264963263893414e+00
3.009999999999999898e-01,1.262246967842476408e+02,8.609625407864919922e+00
3.019999999999999907e-01,2.268169656673720169e+02,9.945323255726874478e+00
3.029999999999999916e-01,2.679139335178771830e+02,9.741185096297844126e+00
3.039999999999999925e-01,2.888358132488099841e+02,8.797428991319176106e+00
3.049999999999999933e-01,3.038289336392507494e+02,7.934525318746228351e+00
3.059999999999999942e-01,2.916269399530806936e+02,6.474836296381274003e+00
3.069999999999999951e-01,2.788822027382479405e+02,4.568019419988884167e+00
3.079999999999999960e-01,2.259096098621349142e+02,2.497179325573566810e+00
3.089999999999999969e-01,1.224117223082722603e+02,-1.642003729939303547e+00
3.099999999999999978e-01,2.909464924937369634e+00,-5.509026375715588841e+00
3.109999999999999987e-01,-1.291587451161179843e+02,-8.121449414618009399e+00
3.119999999999999996e-01,-2.208390563873647352e+02,-9.805420395648479115e+00
3.130000000000000004e-01,-2.698606733552079504e+02,-9.660841158726395150e+00
3.140000000000000013e-01,-2.874192921740423685e+02,-9.048886092444575979e+00
3.150000000000000022e-01,-2.805653303314439881e+02,-7.860548884744561704e+00
3.160000000000000031e-01,-2.911796718087558133e+02,-6.336255859806709800e+00
3.170000000000000040e-01,-2.791888656592630014e+02,-4.873746843082421343e+00
3.180000000000000049e-01,-2.186750490969976113e+02,-1.548316749594563557e+00
3.190000000000000058e-01,-1.263130076764639398e+02,1.629650424126116715e+00
3.200000000000000067e-01,7.502748759720072158e+00,5.238242468493483628e+00
3.210000000000000075e-01,1.251354145123336394e+02,8.191576723427727913e+00
3.220000000000000084e-01,2.235243729788345490e+02,9.675149516729767640e+00
3.230000000000000093e-01,2.670877429141751804e+02,9.972103802158690300e+00
3.240000000000000102e-01,2.877770829445126424e+02,9.034655223082522113e+00
3.250000000000000111e-01,2.987893857279065628e+02,7.995187969855546584e+00
3.260000000000000120e-01,2.846490648680063487e+02,6.525140411169952692e+00
3.270000000000000129e-01,2.688069915220537496e+02,4.865908035412363830e+00
3.280000000000000138e-01,2.115832725829941978e+02,1.933709669312788426e+00
3.290000000000000147e-01,1.327326318520259747e+02,-1.826687108593238129e+00
3.300000000000000155e-01,2.403808980722087707e+00,-5.509856008109743186e+00
3.310000000000000164e-01,-1.244154851589042465e+02,-8.101322185968813372e+00
3.320000000000000173e-01,-2.229607462720626359e+02,-9.646669836526914565e+00
3.330000000000000182e-01,-2.884909676452519420e+02,-9.835113727428819175e+00
3.340000000000000191e-01,-2.989329105148888175e+02,-8.891981088931313337e+00
3.350000000000000200e-01,-2.812411582352638106e+02,-8.055808007101605384e+00
3.360000000000000209e-01,-2.810500001324015784e+02,-6.503048346988771655e+00
3.370000000000000218e-01,-2.699900010212770098e+02,-4.877216125243972300e+00
3.380000000000000226e-01,-2.106184439372667043e+02,-2.111723731216676114e+00
3.390000000000000235e-01,-1.326579264947905301e+02,1.689292124878943424e+00
3.400000000000000244e-01,5.417108283801812085e+00,5.117281873835052508e+00
3.410000000000000253e-01,1.235503964292060601e+02,8.325914441282090905e+00
3.420000000000000262e-01,2.314053783094895778e+02,9.458502919771961004e+00
3.430000000000000271e-01,2.688107905393994770e+02,1.003048682181673890e+01
3.440000000000000280e-01,2.888515923992524108e+02,8.833324342584129241e+00
3.450000000000000289e-01,3.067702190298717255e+02,7.790936014679636479e+00
3.460000000000000298e-01,2.900436665155439186e+02,6.224838119154652460e+00
3.470000000000000306e-01,2.762766536354009759e+02,4.811467606442161760e+00
3.480000000000000315e-01,2.303531945675831878e+02,1.972134488507405026e+00
3.490000000000000324e-01,1.355304538844992805e+02,-1.728319946405594498e+00
3.500000000000000333e-01,1.681352031551602844e+00,-5.240577276714248001e+00
3.510000000000000342e-01,-1.324946904914813217e+02,-8.554856745667708040e+00
3.519999999999999796e-01,-2.206397121296536739e+02,-1.007918813735111385e+01
3.529999999999999805e-01,-2.730226013079987979e+02,-9.750614112946951906e+00
3.539999999999999813e-01,-2.851011930247196346e+02,-9.526662615912652399e+00
3.549999999999999822e-01,-3.074921211465098168e+02,-7.780958028814393579e+00
3.559999999999999831e-01,-2.821223858844996926e+02,-6.703530583593297898e+00
3.569999999999999840e-01,-2.719701504782472625e+02,-4.542214478287450063e+00
3.579999999999999849e-01,-2.220471529748606656e+02,-1.926399865606763129e+00
3.589999999999999858e-01,-1.244418060935126249e+02,1.634507514069426293e+00
3.599999999999999867e-01,-6.599495982863467169e+00,5.459718542887828541e+00
3.609999999999999876e-01,1.308444189287642416e+02,8.588227926972173520e+00
3.619999999999999885e-01,2.242706447272882428e+02,9.919369760756199028e+00
3.629999999999999893e-01,2.655686434020424826e+02,9.565429347260614890e+00
3.639999999999999902e-01,2.851256437451723400e+02,8.667314218594238895e+00
3.649999999999999911e-01,2.917760280695229653e+02,8.129293341897078307e+00
3.659999999999999920e-01,2.912614688533718095e+02,6.529338999262733978e+00
3.669999999999999929e-01,2.724079950111237736e+02,4.734279096425810351e+00
3.679999999999999938e-01,2.162247523569108694e+02,1.784539902040165993e+00
3.689999999999999947e-01,1.349610068516689978e+02,-1.583146677613902042e+00
3.699999999999999956e-01,-1.642602107764586705e+01,-5.578217701085200098e+00
3.709999999999999964e-01,-1.204775081482259083e+02,-7.883671498781854581e+00
3.719999999999999973e-01,-2.230262468327615295e+02,-9.717910451022918394e+00
3.729999999999999982e-01,-2.706077679398663349e+02,-9.918249898434773115e+00
3.739999999999999991e-01,-2.936711585842987233e+02,-8.752571407881188037e+00
3.750000000000000000e-01,-2.929284952245199065e+02,-7.845551316138974940e+00
3.760000000000000009e-01,-2.882117282640219287e+02,-6.569620420274086214e+00
3.770000000000000018e-01,-2.763610097054906873e+02,-4.843120043393887464e+00
3.780000000000000027e-01,-2.312289899136460463e+02,-2.093944886317366638e+00
3.790000000000000036e-01,-1.260289952850361459e+02,1.362503194820013031e+00
3.800000000000000044e-01,-1.882503611701514257e-01,5.720120471618886704e+00
3.810000000000000053e-01,1.391448084889237293e+02,8.511374491331517689e+00
3.820000000000000062e-01,2.254882630940639388e+02,9.614683243718614492e+00
3.830000000000000071e-01,2.675075184798257055e+02,9.493312601595285116e+00
3.840000000000000080e-01,3.061047971314492315e+02,8.857349925441956984e+00
3.850000000000000089e-01,2.816379491033897580e+02,7.847121561388525457e+00
3.860000000000000098e-01,2.874386009296112547e+02,6.457991496285245603e+00
3.870000000000000107e-01,2.577952009612329221e+02,5.032082476170328000e+00
3.880000000000000115e-01,2.268461512189963685e+02,2.328204115919255024e+00
3.890000000000000124e-01,1.189491078674237059e+02,-1.658999668565318109e+00
3.900000000000000133e-01,-3.219949989507055577e+00,-5.234953792708450848e+00
3.910000000000000142e-01,-1.294220492381352301e+02,-8.461725083413140780e+00
3.920000000000000151e-01,-2.248780843192623706e+02,-9.626294139049274889e+00
3.930000000000000160e-01,-2.812384131403469496e+02,-1.003221974253861326e+01
3.940000000000000169e-01,-2.833660808269606264e+02,-8.807259168808856842e+00
3.950000000000000178e-01,-3.004877550282595848e+02,-7.717850106916887221e+00
3.960000000000000187e-01,-2.852406088970907945e+02,-6.543283840042631638e+00
3.970000000000000195e-01,-2.697836541947330602e+02,-4.866592426891449996e+00
3.980000000000000204e-01,-2.276938808716340930e+02,-1.767300603440491669e+00
3.990000000000000213e-01,-1.217306061701524982e+02,1.486169857053614152e+00
4.000000000000000222e-01,3.773475675136864993e+00,5.431776537684543271e+00
4.010000000000000231e-01,1.233058902467700477e+02,8.402941525127683775e+00
4.020000000000000240e-01,2.214121301704620635e+02,9.657312106240906857e+00
4.030000000000000249e-01,2.733056156303986768e+02,9.735968281248245759e+00
4.040000000000000258e-01,2.842854102626525901e+02,8.751894822651854255e+00
4.050000000000000266e-01,2.941809786844608539e+02,7.835449367674109489e+00
4.060000000000000275e-01,2.825306727792858510e+02,6.786289598185760497e+00
4.070000000000000284e-01,2.791193706080304651e+02,4.713301191761243736e+00
4.080000000000000293e-01,2.210865198287063436e+02,2.173166235998873042e+00
4.090000000000000302e-01,1.191601060210288665e+02,-2.047800951439529449e+00
4.100000000000000311e-01,2.941543941143963004e+00,-5.651470891022065679e+00
4.110000000000000320e-01,-1.329036497893415856e+02,-8.485963330371099289e+00
4.120000000000000329e-01,-2.197201620355350258e+02,-9.489312400032856587e+00
4.130000000000000338e-01,-2.772013649720203716e+02,-1.003690998754126262e+01
4.140000000000000346e-01,-2.889695155887221176e+02,-8.866187138355869024e+00
4.150000000000000355e-01,-2.901146830144128330e+02,-7.391761502427582009e+00
4.160000000000000364e-01,-2.847312441690949640e+02,-6.558896886323283049e+00
4.169999999999999818e-01,-2.797084680251052760e+02,-4.908609138742759725e+00
4.179999999999999827e-01,-2.096227486730555825e+02,-1.827923508617644854e+00
4.189999999999999836e-01,-1.268364555057150653e+02,1.435331035217401130e+00
4.199999999999999845e-01,-4.354316645173793354e+00,5.443840831923692392e+00
4.209999999999999853e-01,1.307986269509814008e+02,8.723452525776805189e+00
4.219999999999999862e-01,2.216276405249475374e+02,9.829617225469204911e+00
4.229999999999999871e-01,2.727770391574365476e+02,9.633354501733466080e+00
4.239999999999999880e-01,2.897369390132868716e+02,9.042078312474187030e+00
4.249999999999999889e-01,2.890702434558406821e+02,7.839395854806458175e+00
4.259999999999999898e-01,2.905204085588911767e+02,6.403290995583312828e+00
4.269999999999999907e-01,2.845754224169021995e+02,5.028493576200775195e+00
4.279999999999999916e-01,2.226405013275796705e+02,2.013848816203810177e+00
4.289999999999999925e-01,1.369321681454387658e+02,-1.650448786490817943e+00
4.299999999999999933e-01,2.950541878663795359e+00,-5.485819408724823099e+00
4.309999999999999942e-01,-1.278825021287228054e+02,-8.520447904340219480e+00
4.319999999999999951e-01,-2.198246280491409266e+02,-9.871131708416708506e+00
4.329999999999999960e-01,-2.691064687897950307e+02,-9.715338293682757254e+00
4.339999999999999969e-01,-3.030121685185210936e+02,-8.968071290390247086e+00
4.349999999999999978e-01,-2.971507737542548284e+02,-7.852159994702488710e+00
4.359999999999999987e-01,-2.821707328365392868e+02,-6.387148367743592736e+00
4.369999999999999996e-01,-2.756317682256140529e+02,-4.890365096688076285e+00
4.380000000000000004e-01,-2.184119867672305588e+02,-1.895764302836894233e+00
4.390000000000000013e-01,-1.219304742243554784e+02,1.812928820170647271e+00
4.400000000000000022e-01,5.526051691197756632e+00,5.434391031653481363e+00
4.410000000000000031e-01,1.273816987312902427e+02,8.626480865064982240e+00
4.420000000000000040e-01,2.334943548012670362e+02,9.606441334487394457e+00
4.430000000000000049e-01,2.805762679515419791e+02,9.587286180081951770e+00
4.440000000000000058e-01,2.901874586827091775e+02,8.940767587410686446e+00
4.450000000000000067e-01,2.943650432457288275e+02,7.650005320535015585e+00
4.460000000000000075e-01,2.827907213795889447e+02,6.571281633873941708e+00
4.470000000000000084e-01,2.742836734410888653e+02,5.175358249311614145e+00
4.480000000000000093e-01,2.182036360933184653e+02,1.942908594049753690e+00
4.490000000000000102e-01,1.320980510398325976e+02,-1.690855475739157843e+00
4.500000000000000111e-01,-9.136131580323922918e+00,-5.572949047518863885e+00
4.510000000000000120e-01,-1.227332557105353033e+02,-8.559090451424443913e+00
4.520000000000000129e-01,-2.175635878525905866e+02,-9.873036394294958384e+00
4.530000000000000138e-01,-2.692433189085998606e+02,-9.567433199453772019e+00
4.540000000000000147e-01,-2.755402735626938693e+02,-8.725030243927527351e+00
4.550000000000000155e-01,-2.815636810035326789e+02,-7.558610605098939672e+00
4.560000000000000164e-01,-2.846366920976262236e+02,-6.397708947140641200e+00
4.570000000000000173e-01,-2.726930075478355207e+02,-4.743314303349634109e+00
4.580000000000000182e-01,-2.219498566465356930e+02,-2.340894285526623708e+00
4.590000000000000191e-01,-1.250229344783323313e+02,1.467133214804796637e+00
4.600000000000000200e-01,-2.433847227139801728e+00,5.405380899780502624e+00
4.610000000000000209e-01,1.142156209098197337e+02,8.629907705921677774e+00
4.620000000000000218e-01,2.177643516940316317e+02,9.701952113253421217e+00
4.630000000000000226e-01,2.589322189968135035e+02,1.000705011463623251e+01
4.640000000000000235e-01,2.821072017385704385e+02,8.778123029442852499e+00
4.650000000000000244e-01,2.868431553230671511e+02,7.843840902035269735e+00
4.660000000000000253e-01,2.918255281388388767e+02,6.726471026600536085e+00
4.670000000000000262e-01,2.756679239460054305e+02,4.764303687385483599e+00
4.680000000000000271e-01,2.160819031455861818e+02,2.120657677764640425e+00
4.690000000000000280e-01,1.101232050851466653e+02,-1.909944330687734171e+00
4.700000000000000289e-01,-7.848439396449566452e+00,-5.289446825452124301e+00
4.710000000000000298e-01,-1.261661500471881254e+02,-8.431631312003638357e+00
4.720000000000000306e-01,-2.153147064144449985e+02,-9.755662612491100560e+00
4.730000000000000315e-01,-2.690728744966194199e+02,-9.549004911570644794e+00
4.740000000000000324e-01,-2.971781819249334262e+02,-9.339669727390468523e+00
4.750000000000000333e-01,-2.990860430403309920e+02,-8.147304036167390962e+00
4.760000000000000342e-01,-2.877732553502936526e+02,-6.730437685420096017e+00
4.770000000000000351e-01,-2.750944693411236130e+02,-4.664926248715212331e+00
4.780000000000000360e-01,-2.206062895662338406e+02,-2.262341880523496496e+00
4.790000000000000369e-01,-1.435841793560333599e+02,1.685102641735636064e+00
4.799999999999999822e-01,-1.689804507551688673e+01,5.126672947688777349e+00
4.809999999999999831e-01,1.299135040958082357e+02,8.207836743286810233e+00
4.819999999999999840e-01,2.231577189315545411e+02,1.009464488524979764e+01
4.829999999999999849e-01,2.796506754230762226e+02,9.830856158214936968e+00
4.839999999999999858e-01,2.907848352297428391e+02,9.000048043455947777e+00
4.849999999999999867e-01,2.954411877936611290e+02,8.062899979033010922e+00
4.859999999999999876e-01,2.873393976637053129e+02,6.858398103992201733e+00
4.869999999999999885e-01,2.745533278010184404e+02,4.894224808959696915e+00
4.879999999999999893e-01,2.185400711605586821e+02,2.177723053641429818e+00
4.889999999999999902e-01,1.202625776340542103e+02,-1.898303638685385764e+00
4.899999999999999911e-01,1.082480637770219900e+01,-5.367682277546124148e+00
4.909999999999999920e-01,-1.278359006850434554e+02,-8.769384745028784067e+00
4.919999999999999929e-01,-2.238514214566538385e+02,-9.539114644395853659e+00
4.929999999999999938e-01,-2.787926906791316810e+02,-9.811651204589445285e+00
4.939999999999999947e-01,-2.923522178691164299e+02,-9.131243085136794946e+00
4.949999999999999956e-01,-2.843838866837211867e+02,-7.773216279045180421e+00
4.959999999999999964e-01,-2.953449950630017611e+02,-6.315479649283720853e+00
4.969999999999999973e-01,-2.795311066649867371e+02,-4.893904118540106651e+00
4.979999999999999982e-01,-2.111707700183239353e+02,-2.012050656419062111e+00
4.989999999999999991e-01,-1.359990623853437057e+02,1.258928683842041929e+00
5.000000000000000000e-01,9.694604287366521689e+00,5.278176404792645826e+00
5.010000000000000009e-01,1.299148600965887113e+02,8.215127432957650910e+00
5.020000000000000018e-01,2.231027571968867278e+02,9.685696064105883352e+00
5.030000000000000027e-01,2.740163208865403135e+02,9.695185417935142880e+00
5.040000000000000036e-01,2.974579449241602447e+02,8.730949547501698049e+00
5.050000000000000044e-01,2.966218672030864241e+02,7.738082419953562940e+00
5.060000000000000053e-01,2.823114513628213444e+02,7.131886382250227641e+00
5.070000000000000062e-01,2.787856464951302087e+02,4.640446621376298708e+00
5.080000000000000071e-01,2.093606289628423269e+02,1.771171621143401209e+00
5.090000000000000080e-01,1.287935270909347594e+02,-2.008582030261487184e+00
5.100000000000000089e-01,-4.426717025798777017e-01,-5.694792795026442533e+00
5.110000000000000098e-01,-1.369636960746055934e+02,-8.350562794188386206e+00
5.120000000000000107e-01,-2.258307053002295390e+02,-9.875641816630892578e+00
5.130000000000000115e-01,-2.694659966506553133e+02,-9.687420358946420507e+00
5.140000000000000124e-01,-2.898386313189274119e+02,-8.674947033500933102e+00
5.150000000000000133e-01,-2.900128885332614459e+02,-7.436828049686663888e+00
5.160000000000000142e-01,-2.837366838272732821e+02,-6.730858457602332479e+00
5.170000000000000151e-01,-2.614874218063631020e+02,-5.135100580012011307e+00
5.180000000000000160e-01,-2.300264815740242170e+02,-2.276501336643075746e+00
5.190000000000000169e-01,-1.223904410517958325e+02,1.932486911452072409e+00
5.200000000000000178e-01,7.416539868336902153e+00,5.548118183593108377e+00
5.210000000000000187e-01,1.326047606137447019e+02,8.224585932945821298e+00
5.220000000000000195e-01,2.063724769415365472e+02,9.727991381842505447e+00
5.230000000000000204e-01,2.723831111264311744e+02,9.707367629644156892e+00
5.240000000000000213e-01,2.742635992459532872e+02,9.004520458201016098e+00
5.250000000000000222e-01,2.830788978954921618e+02,7.837448567222157436e+00
5.260000000000000231e-01,2.843395771863328605e+02,6.513926326131342037e+00
5.270000000000000240e-01,2.862107107614219217e+02,4.853585573254369123e+00
5.280000000000000249e-01,2.182109052551228672e+02,2.090194787611388438e+00
5.290000000000000258e-01,1.119178918111569061e+02,-2.080333533698646598e+00
5.300000000000000266e-01,5.592994226775188871e+00,-5.487869128614488723e+00
5.310000000000000275e-01,-1.335160210976790154e+02,-8.651968743976695464e+00
5.320000000000000284e-01,-2.208160661355408365e+02,-9.944669059948729739e+00
5.330000000000000293e-01,-2.743569573114502873e+02,-9.918103386480137118e+00
5.340000000000000302e-01,-2.850623673338418484e+02,-8.993810895648707060e+00
5.350000000000000311e-01,-2.949854777892751372e+02,-7.714883103329914782e+00
5.360000000000000320e-01,-2.910409659431029468e+02,-6.745075085968668560e+00
5.370000000000000329e-01,-2.701300599381312395e+02,-4.971385019916193748e+00
5.380000000000000338e-01,-2.177056394735143670e+02,-2.025493008609889234e+00
5.390000000000000346e-01,-1.300471490459333097e+02,1.833821827352970057e+00
5.400000000000000355e-01,9.948027745209166994e+00,5.612306570003646300e+00
5.410000000000000364e-01,1.347303859095940766e+02,8.041099440403227661e+00
5.420000000000000373e-01,2.274464669300121784e+02,1.005371816059302326e+01
5.430000000000000382e-01,2.682769051707829249e+02,9.744883951272520051e+00
5.440000000000000391e-01,2.983135247847937421e+02,9.231546566350200322e+00
5.450000000000000400e-01,3.006313527028884778e+02,7.697355285197722274e+00
5.460000000000000409e-01,2.930075494501069215e+02,6.347615329303287091e+00
5.470000000000000417e-01,2.739463090198285613e+02,4.824035036305527768e+00
5.480000000000000426e-01,2.290078440924591519e+02,1.903965911470759220e+00
5.490000000000000435e-01,1.294907405687297342e+02,-1.443105406374345812e+00
5.500000000000000444e-01,7.810616115333415266e+00,-5.460387834998111423e+00
5.510000000000000453e-01,-1.162028592398956590e+02,-8.519207436283796397e+00
5.520000000000000462e-01,-2.112341564642673291e+02,-9.774609770141442056e+00
5.530000000000000471e-01,-2.711464365145349689e+02,-9.646641071333894146e+00
5.540000000000000480e-01,-2.848492620685963743e+02,-8.874244059072015745e+00
5.550000000000000488e-01,-2.933943367928691259e+02,-8.011261647346399783e+00
5.560000000000000497e-01,-2.954609225301002198e+02,-6.338995663751666676e+00
5.570000000000000506e-01,-2.726412994110780801e+02,-4.923745584740498948e+00
5.580000000000000515e-01,-2.304922952587893974e+02,-2.123224231430915765e+00
5.590000000000000524e-01,-1.191638419191504568e+02,1.650651157219619414e+00
5.600000000000000533e-01,9.044749214471295318e+00,5.472134673388393544e+00
5.610000000000000542e-01,1.334984206146199028e+02,8.747513920101662066e+00
5.620000000000000551e-01,2.213366461029141306e+02,9.363460909127825360e+00
5.630000000000000560e-01,2.831655544821397825e+02,9.602616773988501109e+00
5.640000000000000568e-01,2.889779385713576403e+02,8.838463438349466017e+00
5.650000000000000577e-01,2.941023056503391899e+02,7.572653113524306256e+00
5.660000000000000586e-01,2.896066967964324022e+02,6.839623056635293352e+00
5.670000000000000595e-01,2.617378492529865639e+02,4.623311171157942212e+00
5.680000000000000604e-01,2.252504861747608516e+02,2.126092330728027058e+00
5.690000000000000613e-01,1.217702708485069962e+02,-1.765894408042457009e+00
5.700000000000000622e-01,-6.306164700240288745e+00,-5.430259553025146957e+00
5.710000000000000631e-01,-1.188753033207352132e+02,-8.446998404685459150e+00
5.720000000000000639e-01,-2.229042262262785528e+02,-9.646622682093273227e+00
5.730000000000000648e-01,-2.792677106072285369e+02,-9.986552382222424029e+00
5.740000000000000657e-01,-2.897020239683702130e+02,-8.967046211055166083e+00
5.750000000000000666e-01,-3.038111041795953042e+02,-8.164779393740161595e+00
5.760000000000000675e-01,-2.727590884243193727e+02,-6.323695903364937365e+00
5.769999999999999574e-01,-2.775789085307553137e+02,-4.455611519706314638e+00
5.779999999999999583e-01,-2.128434547849656724e+02,-2.130064859092288820e+00
5.789999999999999591e-01,-1.149800515225640964e+02,1.764965480425370714e+00
5.799999999999999600e-01,-1.088821590729250488e+01,5.575485380852311046e+00
5.809999999999999609e-01,1.271500235870720985e+02,8.500457035911619386e+00
5.819999999999999618e-01,2.126393876954596749e+02,9.916064178916279559e+00
5.829999999999999627e-01,2.668426103995392396e+02,9.899268137765377062e+00
5.839999999999999636e-01,3.001325882415521278e+02,8.486080191516535365e+00
5.849999999999999645e-01,2.916739796212732472e+02,8.199833039157617520e+00
5.859999999999999654e-01,2.862586806612854389e+02,6.333434152860608179e+00
5.869999999999999662e-01,2.588967195089601319e+02,4.773589731102322986e+00
5.879999999999999671e-01,2.340767693745888494e+02,1.635739459901248249e+00
5.889999999999999680e-01,1.323100311075362185e+02,-1.877246455053948271e+00
5.899999999999999689e-01,6.222990732590022667e+00,-5.879060940205409480e+00
5.909999999999999698e-01,-1.250330542014514208e+02,-8.386609232351451837e+00
5.919999999999999707e-01,-2.096489229356362500e+02,-9.206300018868619262e+00
5.929999999999999716e-01,-2.664634660200126177e+02,-9.509324552938522856e+00
5.939999999999999725e-01,-2.885274777639883155e+02,-8.519547663531067627e+00
5.949999999999999734e-01,-2.797089448388251185e+02,-7.841259710056810661e+00
5.959999999999999742e-01,-2.959150201707432757e+02,-6.887100615288999528e+00
5.969999999999999751e-01,-2.741449920792817352e+02,-4.631580489872033191e+00
5.979999999999999760e-01,-2.161483020460393618e+02,-1.668504480140877266e+00
5.989999999999999769e-01,-1.197780285929005117e+02,1.667907517774039894e+00
5.999999999999999778e-01,-4.072851719631178646e+00,5.552764792529071514e+00
6.009999999999999787e-01,1.321189562984168901e+02,8.542581042632580335e+00
6.019999999999999796e-01,2.124482302874983475e+02,1.013159955822903235e+01
6.029999999999999805e-01,2.737564706186800549e+02,9.835468841202906987e+00
6.039999999999999813e-01,2.817571338115716344e+02,8.722679293737655826e+00
6.049999999999999822e-01,2.990274198068128726e+02,7.621759418094571359e+00
6.059999999999999831e-01,2.942285080193596514e+02,6.531747842538518256e+00
6.069999999999999840e-01,2.703748894599200412e+02,4.872397729064336325e+00
6.079999999999999849e-01,2.150921773113914810e+02,1.773445598649134647e+00
6.089999999999999858e-01,1.275357978854611787e+02,-1.651834156762080008e+00
6.099999999999999867e-01,1.135190751220249439e+01,-5.522523171949829113e+00
6.109999999999999876e-01,-1.358996426433760973e+02,-8.527348405924415786e+00
6.119999999999999885e-01,-2.140420439918848672e+02,-9.915833345033512103e+00
6.129999999999999893e-01,-2.733213703548315721e+02,-9.435229858636127176e+00
6.139999999999999902e-01,-2.911503716622631828e+02,-8.728794414469220442e+00
6.149999999999999911e-01,-2.870519715918702559e+02,-8.114025117204333171e+00
6.159999999999999920e-01,-2.913339552218699282e+02,-6.679448115358617599e+00
6.169999999999999929e-01,-2.642651593297268278e+02,-4.852218057314527933e+00
6.179999999999999938e-01,-2.213166269336170728e+02,-2.088946133826952156e+00
6.189999999999999947e-01,-1.294151145612622997e+02,1.638114231095242568e+00
6.199999999999999956e-01,4.542475761696867842e+00,5.333474687374171630e+00
6.209999999999999964e-01,1.207583575360039703e+02,8.204450447619631603e+00
6.219999999999999973e-01,2.151848069196010727e+02,9.849024363424097928e+00
6.229999999999999982e-01,2.832667170182066911e+02,9.556845087206527367e+00
6.239999999999999991e-01,2.914543607387923885e+02,8.854276111931408622e+00
6.250000000000000000e-01,2.886725281420817169e+02,7.991015544360348777e+00
6.260000000000000009e-01,2.976101883952653111e+02,6.896454580494010500e+00
6.270000000000000018e-01,2.762987267532225246e+02,4.937214712037295783e+00
6.280000000000000027e-01,2.242138726948281260e+02,1.811267531284866283e+00
6.290000000000000036e-01,1.235392717337079063e+02,-1.599743847276792863e+00
6.300000000000000044e-01,-2.818497476084684816e+00,-5.251636300623177434e+00
6.310000000000000053e-01,-1.285507092395264976e+02,-8.282468623982655487e+00
6.320000000000000062e-01,-2.122811063073082209e+02,-9.507858640168972642e+00
6.330000000000000071e-01,-2.832093770373432449e+02,-9.806435727314564588e+00
6.340000000000000080e-01,-3.008433308094295739e+02,-8.617375670158807566e+00
6.350000000000000089e-01,-2.884079337496759194e+02,-7.869810617425065047e+00
6.360000000000000098e-01,-2.950791994620018386e+02,-6.727273292693139339e+00
6.370000000000000107e-01,-2.672562672187205521e+02,-4.657322077651077308e+00
6.380000000000000115e-01,-2.241304903392855863e+02,-2.330524402061588507e+00
6.390000000000000124e-01,-1.284942770801773122e+02,1.947101635292684652e+00
6.400000000000000133e-01,4.943560277003637538e+00,5.549466768778898995e+00
6.410000000000000142e-01,1.350923643507011320e+02,8.186439606867455865e+00
6.420000000000000151e-01,2.229133192332898545e+02,9.582690866997101153e+00
6.430000000000000160e-01,2.732337555235247351e+02,9.860052701194641500e+00
6.440000000000000169e-01,2.925672636032140304e+02,8.949908507468130381e+00
6.450000000000000178e-01,2.970633799477215007e+02,7.908621105373891957e+00
6.460000000000000187e-01,2.997290367443584955e+02,6.717059087394567030e+00
6.470000000000000195e-01,2.761492837731602208e+02,4.869785234769075544e+00
6.480000000000000204e-01,2.136679965534029861e+02,2.368716330809455428e+00
6.490000000000000213e-01,1.303585390763575447e+02,-1.936964426714863352e+00
6.500000000000000222e-01,-1.157319029011111233e+01,-5.523556675848670494e+00
6.510000000000000231e-01,-1.247754649742174280e+02,-8.281082299729469298e+00
6.520000000000000240e-01,-2.145304060778534279e+02,-9.540874232234724417e+00
6.530000000000000249e-01,-2.774896409033897271e+02,-9.798318116271639511e+00
6.540000000000000258e-01,-2.847077745199165406e+02,-8.574947475570468214e+00
6.550000000000000266e-01,-2.850176574520837107e+02,-7.414826902947471154e+00
6.560000000000000275e-01,-2.859247142785936262e+02,-6.450751151586186616e+00
6.570000000000000284e-01,-2.719601786260198537e+02,-4.881600859728281172e+00
6.580000000000000293e-01,-2.340868788879461135e+02,-2.049771936320804677e+00
6.590000000000000302e-01,-1.327651336926675754e+02,1.829174531173700657e+00
6.600000000000000311e-01,7.257083550854954712e-01,5.494988226600670878e+00
6.610000000000000320e-01,1.205964742523685089e+02,8.778929911064683012e+00
6.620000000000000329e-01,2.097947375674222883e+02,9.880124531943609512e+00
6.630000000000000338e-01,2.693795738822753947e+02,9.730283736773165160e+00
6.640000000000000346e-01,2.908067242776007788e+02,8.742550545027322428e+00
6.650000000000000355e-01,2.970225187125284378e+02,7.687473828206842441e+00
6.660000000000000364e-01,2.818294693613105437e+02,6.479603054137449192e+00
6.670000000000000373e-01,2.709624561971394883e+02,4.554069198156398990e+00
6.680000000000000382e-01,2.255683194755190755e+02,1.852141330431374300e+00
6.690000000000000391e-01,1.324203431608276560e+02,-1.598868785349743415e+00
6.700000000000000400e-01,-6.219873862662450570e+00,-5.536535584711274716e+00
6.710000000000000409e-01,-1.178301752242316951e+02,-8.343165560746694354e+00
6.720000000000000417e-01,-2.328811792330865273e+02,-1.002700603471966545e+01
6.730000000000000426e-01,-2.751571298285181228e+02,-9.471990289234852867e+00
6.740000000000000435e-01,-3.014588438827721006e+02,-8.621248846071839722e+00
6.750000000000000444e-01,-2.986754200379780855e+02,-7.830229049439610733e+00
6.760000000000000453e-01,-2.948400803429394159e+02,-6.993292763302740411e+00
6.770000000000000462e-01,-2.581823576425260285e+02,-4.721470377245774230e+00
6.780000000000000471e-01,-2.319660990944016135e+02,-2.192703682900451589e+00
6.790000000000000480e-01,-1.292367926210584983e+02,1.750389622005405821e+00
6.800000000000000488e-01,-6.608160783918305414e-01,5.457550303939309622e+00
6.810000000000000497e-01,1.377025990894802590e+02,8.622205835573780064e+00
6.820000000000000506e-01,2.068730439660905915e+02,1.007907388222888834e+01
6.830000000000000515e-01,2.754544821212480201e+02,9.559085438083783970e+00
6.840000000000000524e-01,2.957829586086319296e+02,8.707312602903931165e+00
6.850000000000000533e-01,3.009961750339347759e+02,8.002189744535822769e+00
6.860000000000000542e-01,3.039513079017797281e+02,6.644163066683149488e+00
6.870000000000000551e-01,2.655622584275222380e+02,4.786370132448916515e+00
6.880000000000000560e-01,2.241713299908303441e+02,2.343929771568152187e+00
6.890000000000000568e-01,1.341945150809069673e+02,-1.595048564441237993e+00
6.900000000000000577e-01,8.677500239242693425e+00,-5.768530917600398489e+00
6.910000000000000586e-01,-1.252296524397767996e+02,-8.496988960680585734e+00
6.920000000000000595e-01,-2.232286101259146847e+02,-9.776176167240709702e+00
6.930000000000000604e-01,-2.657137054521232358e+02,-9.823009400666679269e+00
6.940000000000000613e-01,-2.974771452927913629e+02,-8.924263636576521108e+00
6.950000000000000622e-01,-2.929720893572854834e+02,-7.933774532131431023e+00
6.960000000000000631e-01,-2.864658664725674839e+02,-5.915121638584888153e+00
6.970000000000000639e-01,-2.668083665105932596e+02,-5.082302379713830476e+00
6.980000000000000648e-01,-2.101436333131698291e+02,-1.945863760807223564e+00
6.990000000000000657e-01,-1.282360485878123768e+02,1.622570494702419097e+00
7.000000000000000666e-01,1.040918280939827634e+00,5.307097979955628375e+00
7.010000000000000675e-01,1.290689179282879593e+02,8.433035205808057100e+00
7.020000000000000684e-01,2.188978942760474240e+02,9.762262183491939638e+00
7.030000000000000693e-01,2.734475534867463011e+02,9.618990616800736859e+00
7.039999999999999591e-01,3.062254686133520067e+02,8.770734762359486680e+00
7.049999999999999600e-01,2.896142002507413622e+02,7.775090308474828404e+00
7.059999999999999609e-01,2.973314669661550056e+02,6.825642426715598177e+00
7.069999999999999618e-01,2.618893862863718027e+02,4.753693007822318073e+00
7.079999999999999627e-01,2.235231568578005295e+02,1.928438607071885746e+00
7.089999999999999636e-01,1.297883562211028732e+02,-1.732177931775285451e+00
7.099999999999999645e-01,3.714174769197096992e+00,-5.473254960052002183e+00
7.109999999999999654e-01,-1.327829188918822183e+02,-8.378469226846625872e+00
7.119999999999999662e-01,-2.219991179977203615e+02,-9.613628978556031157e+00
7.129999999999999671e-01,-2.689920853116148010e+02,-9.462284973889406814e+00
7.139999999999999680e-01,-2.815201926854914518e+02,-8.651416124725443524e+00
7.149999999999999689e-01,-2.893796392620032520e+02,-7.905646969577557748e+00
7.159999999999999698e-01,-2.834189533827449736e+02,-7.009211870085254148e+00
7.169999999999999707e-01,-2.710025065237011859e+02,-4.762770252144330918e+00
7.179999999999999716e-01,-2.174215093276472430e+02,-2.102423551371312094e+00
7.189999999999999725e-01,-1.221556951743722124e+02,1.883368948055696324e+00
7.199999999999999734e-01,1.912530339564619375e+00,5.730527288219214199e+00
7.209999999999999742e-01,1.223669067684438545e+02,8.567303247019061985e+00
7.219999999999999751e-01,2.199394987548625693e+02,9.447044963057269484e+00
7.229999999999999760e-01,2.723560656243387825e+02,1.018143578360161072e+01
7.239999999999999769e-01,2.920132786733536818e+02,8.905736360971859611e+00
7.249999999999999778e-01,2.830892767134201335e+02,7.920623198900988982e+00
7.259999999999999787e-01,2.973300804783935405e+02,6.859544283146178145e+00
7.269999999999999796e-01,2.832863033565794240e+02,4.631761841196709639e+00
7.279999999999999805e-01,2.208900744390251418e+02,2.409216715890053262e+00
7.289999999999999813e-01,1.182742069067944470e+02,-1.668556415426948325e+00
7.299999999999999822e-01,5.074750865271103528e+00,-5.155826239414945888e+00
7.309999999999999831e-01,-1.176356109153818181e+02,-8.420120173432334099e+00
7.319999999999999840e-01,-2.321767157851645607e+02,-1.009401090939071644e+01
7.329999999999999849e-01,-2.758143794181605699e+02,-9.664662750529013024e+00
7.339999999999999858e-01,-2.964004958357723467e+02,-8.825462952928166516e+00
7.349999999999999867e-01,-2.845825805133456470e+02,-7.700202687530903312e+00
7.359999999999999876e-01,-2.995075311088465924e+02,-6.629014532788767511e+00
7.369999999999999885e-01,-2.662546335280251810e+02,-5.117988446847725470e+00
7.379999999999999893e-01,-2.284199281373069255e+02,-2.281194969651044957e+00
7.389999999999999902e-01,-1.287433623278320169e+02,1.692535314841439931e+00
7.399999999999999911e-01,-7.952676694500004473e+00,5.642912034804439259e+00
7.409999999999999920e-01,1.372226082713493156e+02,8.411470588149972727e+00
7.419999999999999929e-01,2.133851643140031058e+02,9.812715798011838686e+00
7.429999999999999938e-01,2.740578901116621751e+02,9.418686849014282103e+00
7.439999999999999947e-01,2.974092137379891483e+02,9.033771767824315901e+00
7.449999999999999956e-01,2.876331120675064312e+02,7.842035571449939013e+00
7.459999999999999964e-01,3.009179142777105085e+02,6.615483401939266095e+00
7.469999999999999973e-01,2.729409291118680585e+02,4.759850690710614174e+00
7.479999999999999982e-01,2.243667642309326311e+02,1.969538555170545990e+00
7.489999999999999991e-01,1.302305021941278369e+02,-1.822504641381205381e+00
7.500000000000000000e-01,1.039318176792570103e+00,-5.234035749292041295e+00
7.510000000000000009e-01,-1.195010786017944753e+02,-8.719070754588386762e+00
7.520000000000000018e-01,-2.148521435016070882e+02,-1.030192962248267641e+01
7.530000000000000027e-01,-2.747247675638384408e+02,-9.735466487295985516e+00
7.540000000000000036e-01,-2.916055560742523198e+02,-8.992984817889762894e+00
7.550000000000000044e-01,-2.918518583853821156e+02,-7.632682067894408284e+00
7.560000000000000053e-01,-2.960460559714836677e+02,-6.582755568021556591e+00
7.570000000000000062e-01,-2.764535755680075795e+02,-4.822925488035780361e+00
7.580000000000000071e-01,-2.243234269215166421e+02,-2.061738924574048948e+00
7.590000000000000080e-01,-1.072134052500480266e+02,1.582310800603947465e+00
7.600000000000000089e-01,-1.208982334171425954e+01,5.878288126500203603e+00
7.610000000000000098e-01,1.207011161267904242e+02,8.229111364739594592e+00
7.620000000000000107e-01,2.257504218298038268e+02,9.734430610806960260e+00
7.630000000000000115e-01,2.622138714641620822e+02,9.735327915031529500e+00
7.640000000000000124e-01,2.887655144099804261e+02,9.157119266651912781e+00
7.650000000000000133e-01,2.901483092335435003e+02,7.766362972910044959e+00
7.660000000000000142e-01,2.832575330055158815e+02,6.621778110156369301e+00
7.670000000000000151e-01,2.759487428613513771e+02,4.616855308698379901e+00
7.680000000000000160e-01,2.326535708675818341e+02,2.170443292253798617e+00
7.690000000000000169e-01,1.179618234312232801e+02,-1.630955966437264149e+00
7.700000000000000178e-01,-4.828756564194920387e+00,-5.404924031437593257e+00
7.710000000000000187e-01,-1.322610073818257774e+02,-7.698164565388740499e+00
7.720000000000000195e-01,-2.296752851273955685e+02,-9.699161169340259292e+00
7.730000000000000204e-01,-2.752723661824164765e+02,-1.002753722244501056e+01
7.740000000000000213e-01,-2.910482881216636883e+02,-8.620194803591431310e+00
7.750000000000000222e-01,-3.006746058240098023e+02,-7.880632335721232451e+00
7.760000000000000231e-01,-3.005970459928151968e+02,-6.628508318368944607e+00
7.770000000000000240e-01,-2.724360713076114280e+02,-5.127867276212387360e+00
7.780000000000000249e-01,-2.150222214850457760e+02,-1.810683904833331637e+00
7.790000000000000258e-01,-1.293235465100524664e+02,1.876031234414477167e+00
7.800000000000000266e-01,3.575808795486885572e+00,5.841481777574012213e+00
7.810000000000000275e-01,1.146031785736205393e+02,8.373484670196356561e+00
7.820000000000000284e-01,2.203830030580759285e+02,9.792242285620861963e+00
7.830000000000000293e-01,2.773319200234706159e+02,1.007054813873779331e+01
7.840000000000000302e-01,2.927938349558037316e+02,8.903360191528504330e+00
7.850000000000000311e-01,3.008996862928636347e+02,8.117544317895118766e+00
7.860000000000000320e-01,2.921257890151874221e+02,6.477137091050115814e+00
7.870000000000000329e-01,2.654462209355460232e+02,4.654708691388959707e+00
7.880000000000000338e-01,2.169331101446967409e+02,2.152832638185758540e+00
7.890000000000000346e-01,1.266243341699661613e+02,-1.627826310246414998e+00
7.900000000000000355e-01,-3.340145915839972002e+00,-5.464968686769047679e+00
7.910000000000000364e-01,-1.134976016455221526e+02,-8.478378800405991456e+00
7.920000000000000373e-01,-2.247092709475709285e+02,-9.661592121514338771e+00
7.930000000000000382e-01,-2.746970705636243224e+02,-9.985366637336403173e+00
7.940000000000000391e-01,-2.887202261001845045e+02,-8.571570511223001176e+00
7.950000000000000400e-01,-3.136722653696413659e+02,-7.731709106959850253e+00
7.960000000000000409e-01,-2.836443003243119279e+02,-6.663205428422645404e+00
7.970000000000000417e-01,-2.663024676546135652e+02,-4.972698101920166813e+00
7.980000000000000426e-01,-2.269890929007702312e+02,-1.691869359954778718e+00
7.990000000000000435e-01,-1.357242486077526848e+02,1.548205947828811713e+00
8.000000000000000444e-01,9.063677265303536901e-01,5.696982628625251621e+00
8.010000000000000453e-01,1.339650493164902514e+02,8.154325839664977593e+00
8.020000000000000462e-01,2.147792989531679382e+02,9.861972000245017966e+00
8.030000000000000471e-01,2.687356927840716025e+02,9.806588178485238672e+00
8.040000000000000480e-01,2.930760182693060756e+02,8.699974539780113147e+00
8.050000000000000488e-01,2.877364214066801651e+02,7.705065971003848269e+00
8.060000000000000497e-01,2.914890470494891019e+02,6.443571591766562356e+00
8.070000000000000506e-01,2.766336153885887938e+02,4.963999052869783490e+00
8.080000000000000515e-01,2.342289042334681710e+02,2.126104410982896376e+00
8.090000000000000524e-01,1.229977478297271318e+02,-1.557997163346526603e+00
8.100000000000000533e-01,-6.982390975940105271e+00,-5.087543374320840250e+00
8.110000000000000542e-01,-1.291715219385607725e+02,-8.362261622587878307e+00
8.120000000000000551e-01,-2.118717431774868203e+02,-9.897472262876048532e+00
8.130000000000000560e-01,-2.712287764647299468e+02,-9.790032616739669180e+00
8.140000000000000568e-01,-2.897387798110606241e+02,-9.023955764685196002e+00
8.150000000000000577e-01,-2.983480953990227249e+02,-7.879732026986313365e+00
8.160000000000000586e-01,-2.955440423744288410e+02,-7.001039261044328832e+00
8.170000000000000595e-01,-2.713786512253548722e+02,-4.604158694742749525e+00
8.180000000000000604e-01,-2.282516302568696176e+02,-2.467823042185900206e+00
8.190000000000000613e-01,-1.265201849142974879e+02,1.970139301927636089e+00
8.200000000000000622e-01,1.578327428282384037e+00,5.589627032407393337e+00
8.210000000000000631e-01,1.352336664665278363e+02,8.526567088013937479e+00
8.220000000000000639e-01,2.259235715616311779e+02,9.503761164057705102e+00
8.230000000000000648e-01,2.793650571915521255e+02,9.779664443027076715e+00
8.240000000000000657e-01,2.850290401060572663e+02,8.708758880356603171e+00
8.250000000000000666e-01,3.070628523546715201e+02,7.911005908656695951e+00
8.260000000000000675e-01,3.005916930245658705e+02,6.577199370531014999e+00
8.270000000000000684e-01,2.795174819897500811e+02,4.747905563233302928e+00
8.280000000000000693e-01,2.297971685560310959e+02,2.106510616587506934e+00
8.290000000000000702e-01,1.241092073450502653e+02,-1.614858539468721377e+00
8.300000000000000711e-01,-6.277172402578888644e+00,-5.345100851195359937e+00
8.310000000000000719e-01,-1.190601672086080498e+02,-8.397162894051865223e+00
8.320000000000000728e-01,-2.188758719861229736e+02,-9.709693966340173787e+00
8.329999999999999627e-01,-2.787049095871415716e+02,-9.807683821510712718e+00
8.339999999999999636e-01,-3.044124557371945912e+02,-8.919803159433669748e+00
8.349999999999999645e-01,-2.963039736935833162e+02,-7.554680592668110428e+00
8.359999999999999654e-01,-2.797860712503325544e+02,-6.717666770916530083e+00
8.369999999999999662e-01,-2.763052362397596085e+02,-4.837176779125819337e+00
8.379999999999999671e-01,-2.204335837208146245e+02,-1.953554743911798841e+00
8.389999999999999680e-01,-1.387578163857488107e+02,1.549293891673241719e+00
8.399999999999999689e-01,-9.999795087921407699e+00,5.700507994343391616e+00
8.409999999999999698e-01,1.236273028698347929e+02,8.566660616972610498e+00
8.419999999999999707e-01,2.200855269833867567e+02,1.003620350734693645e+01
8.429999999999999716e-01,2.649556304756521854e+02,9.862642732567948656e+00
8.439999999999999725e-01,2.899590662915361463e+02,8.717767807176532102e+00
8.449999999999999734e-01,2.964405934358290438e+02,7.922607808179850331e+00
8.459999999999999742e-01,2.882855141029811534e+02,6.405686870615125095e+00
8.469999999999999751e-01,2.629841712603210908e+02,4.799424832196076629e+00
8.479999999999999760e-01,2.195827221880283844e+02,2.287074750898902220e+00
8.489999999999999769e-01,1.277870172905716544e+02,-1.993822829791063622e+00
8.499999999999999778e-01,1.399513833544735242e+00,-5.811589815633600331e+00
8.509999999999999787e-01,-1.235119297980189543e+02,-8.449608336539217390e+00
8.519999999999999796e-01,-2.204109221031437187e+02,-1.005572019119168914e+01
8.529999999999999805e-01,-2.672121838624634620e+02,-9.598379436879751481e+00
8.539999999999999813e-01,-3.006016669214965873e+02,-9.030291309995288174e+00
8.549999999999999822e-01,-2.839093681353623424e+02,-7.371455212862621842e+00
8.559999999999999831e-01,-2.925441199996068917e+02,-6.707296052268792330e+00
8.569999999999999840e-01,-2.763706521600780661e+02,-4.928070343970421874e+00
8.579999999999999849e-01,-2.176988778618691924e+02,-1.934928003947779640e+00
8.589999999999999858e-01,-1.266989508112757221e+02,1.437092612985386930e+00
8.599999999999999867e-01,-6.788068441804417930e+00,5.687609812995945369e+00
8.609999999999999876e-01,1.315133031941252000e+02,8.311154865575407058e+00
8.619999999999999885e-01,2.243146289641306623e+02,9.936102764811728605e+00
8.629999999999999893e-01,2.751914433953058960e+02,9.926299195130850350e+00
8.639999999999999902e-01,2.950144287770573328e+02,9.018659967718445358e+00
8.649999999999999911e-01,2.811354665743334067e+02,8.351678775090720208e+00
8.659999999999999920e-01,3.029108889314036901e+02,6.479288409244008839e+00
8.669999999999999929e-01,2.642120214565417200e+02,4.722793258271716255e+00
8.679999999999999938e-01,2.283051360724506651e+02,1.938227767211926800e+00
8.689999999999999947e-01,1.239469357539624355e+02,-1.441412202819032595e+00
8.699999999999999956e-01,-2.836346058941800141e+00,-5.843929832176336880e+00
8.709999999999999964e-01,-1.319773440872675963e+02,-8.273088173805598800e+00
8.719999999999999973e-01,-2.198785243300685011e+02,-9.254144235507199667e+00
8.729999999999999982e-01,-2.665998564114836995e+02,-9.758655834927193240e+00
8.739999999999999991e-01,-2.782757318777670434e+02,-8.840382973067040240e+00
8.750000000000000000e-01,-2.908558211230198367e+02,-8.015371136069763480e+00
8.760000000000000009e-01,-2.874516395686371197e+02,-7.079093075302201221e+00
8.770000000000000018e-01,-2.708265107763495507e+02,-4.933427991172441907e+00
8.780000000000000027e-01,-2.306595274861849418e+02,-1.995877489005647876e+00
8.790000000000000036e-01,-1.315780900860102918e+02,1.662608115211944071e+00
8.800000000000000044e-01,-2.572261180482021459e+00,5.489193103506081250e+00
8.810000000000000053e-01,1.262427890567801114e+02,8.479826966761438101e+00
8.820000000000000062e-01,2.186732131167768785e+02,9.790773091394282091e+00
8.830000000000000071e-01,2.727544058858877634e+02,9.697538856873507029e+00
8.840000000000000080e-01,2.954459519482354040e+02,8.964022359248161820e+00
8.850000000000000089e-01,2.796767761661749887e+02,7.840776583444474035e+00
8.860000000000000098e-01,2.982423772006669083e+02,6.730903469735581623e+00
8.870000000000000107e-01,2.752866720456383973e+02,4.749800776074349251e+00
8.880000000000000115e-01,2.144713110314737889e+02,2.027308975677694747e+00
8.890000000000000124e-01,1.226256804049413773e+02,-1.660859764921577719e+00
8.900000000000000133e-01,3.351451182012182617e+00,-5.630790039228028121e+00
8.910000000000000142e-01,-1.300257498752843617e+02,-8.096394419503445405e+00
8.920000000000000151e-01,-2.193797834121420465e+02,-9.907524701946547552e+00
8.930000000000000160e-01,-2.746070712259933657e+02,-9.902425635614937605e+00
8.940000000000000169e-01,-2.905370926881976743e+02,-9.021124820334422978e+00
8.950000000000000178e-01,-2.912839485193804876e+02,-8.002477265458969313e+00
8.960000000000000187e-01,-2.812116222551681517e+02,-6.548261059157500341e+00
8.970000000000000195e-01,-2.702779711426649101e+02,-5.033092304911358283e+00
8.980000000000000204e-01,-2.131176292980236440e+02,-1.898440648120484076e+00
8.990000000000000213e-01,-1.183317264960122657e+02,1.941533179447207713e+00
9.000000000000000222e-01,-4.351378690319418929e+00,5.777366619110241075e+00
9.010000000000000231e-01,1.295196464417654170e+02,8.349407534565605360e+00
9.020000000000000240e-01,2.180833583805973888e+02,9.620136903598746514e+00
9.030000000000000249e-01,2.737557104108702788e+02,9.520048996515496853e+00
9.040000000000000258e-01,2.836379510854342811e+02,8.947627356568924384e+00
9.050000000000000266e-01,2.876629418381511414e+02,7.663675499933930269e+00
9.060000000000000275e-01,2.876592573956089609e+02,6.841762561688601529e+00
9.070000000000000284e-01,2.814088140299294309e+02,4.979032227904523822e+00
9.080000000000000293e-01,2.135658941853978092e+02,1.780401646546732275e+00
9.090000000000000302e-01,1.301339928189077568e+02,-1.661932346574233721e+00
9.100000000000000311e-01,-1.318149447448708500e+01,-5.487716528410000016e+00
9.110000000000000320e-01,-1.360909626783180784e+02,-8.705516028350361424e+00
9.120000000000000329e-01,-2.188049662048294977e+02,-9.924006164685271969e+00
9.130000000000000338e-01,-2.703852481669952112e+02,-9.977461119849413862e+00
9.140000000000000346e-01,-2.958307480283503992e+02,-8.712657913179741698e+00
9.150000000000000355e-01,-2.962015229200414979e+02,-7.667769961139522472e+00
9.160000000000000364e-01,-2.869238736780590671e+02,-6.334802782450094760e+00
9.170000000000000373e-01,-2.830000087965893840e+02,-4.685355301966000141e+00
9.180000000000000382e-01,-2.217327698968029495e+02,-1.798244995514734379e+00
9.190000000000000391e-01,-1.242724082344489887e+02,1.997070374167126960e+00
9.200000000000000400e-01,-3.929860628099259845e+00,5.369246328930044498e+00
9.210000000000000409e-01,1.277178842851755007e+02,8.210642389533610697e+00
9.220000000000000417e-01,2.305739419335137086e+02,9.927738920110558141e+00
9.230000000000000426e-01,2.764703849231354980e+02,9.539679737872985399e+00
9.240000000000000435e-01,2.898304700268275269e+02,8.881331776000482847e+00
9.250000000000000444e-01,2.918769227601060265e+02,7.684181741216412398e+00
9.260000000000000453e-01,2.975236236233090494e+02,6.815400148525110779e+00
9.270000000000000462e-01,2.816750090401777697e+02,5.128329525312536497e+00
9.280000000000000471e-01,2.270916281683490467e+02,1.847073596043811161e+00
9.290000000000000480e-01,1.295082647544789438e+02,-2.168401292385612411e+00
9.300000000000000488e-01,4.891749684599157710e+00,-5.306012236364837875e+00
9.310000000000000497e-01,-1.299500579428085132e+02,-8.341917700225446097e+00
9.320000000000000506e-01,-2.175371871532043144e+02,-9.566983395171527960e+00
9.330000000000000515e-01,-2.822410227959433655e+02,-9.825410039643939442e+00
9.340000000000000524e-01,-2.843200847466949881e+02,-8.360804690524711091e+00
9.350000000000000533e-01,-2.937179461178609472e+02,-7.534605417335237476e+00
9.360000000000000542e-01,-2.875800856316763543e+02,-6.346663724318508670e+00
9.370000000000000551e-01,-2.767854766827474009e+02,-5.011405674860991866e+00
9.380000000000000560e-01,-2.186232767834074480e+02,-1.639691506222702433e+00
9.390000000000000568e-01,-1.339435660754435276e+02,1.528043615008485734e+00
9.400000000000000577e-01,-1.503488274672174496e+00,5.630572183575221601e+00
9.410000000000000586e-01,1.203273031481219704e+02,8.424945573369779339e+00
9.420000000000000595e-01,2.131011380733977489e+02,9.886836232869365304e+00
9.430000000000000604e-01,2.711046720403548420e+02,9.834011399415793164e+00
9.440000000000000613e-01,2.802762984924691523e+02,8.820015408617944530e+00
9.450000000000000622e-01,2.999056224603922374e+02,7.720252439846150949e+00
9.460000000000000631e-01,2.939815070283846694e+02,6.611694701613518355e+00
9.470000000000000639e-01,2.706985154959473334e+02,4.434907816958448379e+00
9.480000000000000648e-01,2.247059095131544950e+02,2.223961333985139177e+00
9.490000000000000657e-01,1.330026098013898377e+02,-1.641874672233200938e+00
9.500000000000000666e-01,-3.151991439680069451e+00,-5.380912656304710495e+00
9.510000000000000675e-01,-1.205983714829639126e+02,-8.178980873710381516e+00
9.520000000000000684e-01,-2.285537893900057611e+02,-9.495059070714905403e+00
9.530000000000000693e-01,-2.676080930806738820e+02,-1.008953198304668497e+01
9.540000000000000702e-01,-2.843764306044989212e+02,-8.991186460658294521e+00
9.550000000000000711e-01,-2.952842501797491650e+02,-7.498661440422280222e+00
9.560000000000000719e-01,-2.931778873030355044e+02,-6.678864772449700560e+00
9.570000000000000728e-01,-2.592829861345188647e+02,-4.799679362955832751e+00
9.580000000000000737e-01,-2.186980438185124456e+02,-1.959888354362418594e+00
9.590000000000000746e-01,-1.324056557567615755e+02,1.677745521045902688e+00
9.599999999999999645e-01,6.070917007452495184e+00,5.351688043971421394e+00
9.609999999999999654e-01,1.292486517085883975e+02,8.571045821039369628e+00
9.619999999999999662e-01,2.251339345668489784e+02,1.002273179830303640e+01
9.629999999999999671e-01,2.790068771926574982e+02,9.335886273817882497e+00
9.639999999999999680e-01,2.845448996322280664e+02,8.871342180905637420e+00
9.649999999999999689e-01,2.987781708969683905e+02,7.803927847319386046e+00
9.659999999999999698e-01,2.832919508148884802e+02,6.252062830973771135e+00
9.669999999999999707e-01,2.691305528312656179e+02,5.245057500865498490e+00
9.679999999999999716e-01,2.290846289783627583e+02,1.840733890858487820e+00
9.689999999999999725e-01,1.314393684059630232e+02,-1.667217089254126927e+00
9.699999999999999734e-01,5.894078093789530959e-01,-5.690614593677850053e+00
9.709999999999999742e-01,-1.244633362320834493e+02,-8.363353497684112625e+00
9.719999999999999751e-01,-2.245125438467260039e+02,-9.826202007144916095e+00
9.729999999999999760e-01,-2.638160752480657720e+02,-9.649462423420310131e+00
9.739999999999999769e-01,-2.980833380118087916e+02,-9.074077555558570651e+00
9.749999999999999778e-01,-2.909755428166435536e+02,-7.595872621609981223e+00
9.759999999999999787e-01,-2.995025699375330532e+02,-6.449219642348027470e+00
9.769999999999999796e-01,-2.830968626228403764e+02,-4.794839871691089606e+00
9.779999999999999805e-01,-2.168739428760933379e+02,-2.241006270790601551e+00
9.789999999999999813e-01,-1.248745969010759040e+02,1.631634938335019935e+00
9.799999999999999822e-01,-2.341511151387426715e+00,5.523471681474682704e+00
9.809999999999999831e-01,1.417871462046810223e+02,8.374896916328555818e+00
9.819999999999999840e-01,2.183054946078246985e+02,9.874524959197712448e+00
9.829999999999999849e-01,2.775668196239109875e+02,9.515414807582216028e+00
9.839999999999999858e-01,2.831003513792473996e+02,8.856023129310457875e+00
9.849999999999999867e-01,3.015972718754863422e+02,8.080413441146896858e+00
9.859999999999999876e-01,2.918112108138700478e+02,7.067140963918644658e+00
9.869999999999999885e-01,2.722999910254667384e+02,4.757970148236584151e+00
9.879999999999999893e-01,2.146576719816161187e+02,2.168962504866641883e+00
9.889999999999999902e-01,1.231627013304416494e+02,-1.513098807173060001e+00
9.899999999999999911e-01,-1.444811042210041663e+01,-5.769418973497681513e+00
9.909999999999999920e-01,-1.292003400200456724e+02,-8.374297259199156684e+00
9.919999999999999929e-01,-2.180848951347009290e+02,-9.981064580372505546e+00
9.929999999999999938e-01,-2.870831446661016457e+02,-9.803620674258716861e+00
9.939999999999999947e-01,-2.812906702742407106e+02,-8.576095650301095219e+00
9.949999999999999956e-01,-2.900332031773161248e+02,-7.682062338244748823e+00
9.959999999999999964e-01,-3.007265077866337037e+02,-6.816049626253661842e+00
9.969999999999999973e-01,-2.656028514773175289e+02,-4.683537231745729557e+00
9.979999999999999982e-01,-2.242138115041056494e+02,-2.108635113626840862e+00
9.989999999999999991e-01,-1.296076583031401128e+02,1.425421539619091904e+00
